VU,throughput_rps,median_latency_ms,p95_latency_s,error_rate_percent
200,207.951476,51.03,0.77631,0.00
400,202.29979,172.13,4.15,0.00
600,202.812363,232.61,8.05,0.00
750,202.448135,289.22,9.02,0.00
850,190.458935,344.48,10.40,0.08
925,184.722877,410.26,12.32,12.15
1000,236.728068,350.43,9.99,22.37