VU,throughput_rps,median_latency_ms,p95_latency_s,error_rate_percent
200,207.951476,51.03,0.77631,0.00
400,202.29979,172.13,4.15,0.00
600,202.812363,232.61,8.05,0.00
750,202.448135,289.22,9.02,0.00
850,168.458935,437.48,10.9,0.73
925,178.400749,492.26,10.4,1.89
1000,176.728068,496.43,11.9,2.27