VU,throughput_rps,median_latency_ms,p95_latency_s,error_rate_percent
200,142.708754,59.27,1.49,0.00
300,134.856014,131.90,3.39,0.00
400,140.432999,188.25,5.50,0.52
500,144.057985,208.44,6.80,0.00
600,126.800382,287.01,9.91,0.00